act_id,act_title,status
100000,,FALSE
100001,穆小泠收藏集,TRUE
100002,初音未来收藏集,TRUE
100003,芋圆有点甜收藏集,TRUE
100111,,FALSE
100115,螺丝辣翅面-花想云裳,TRUE
100116,老浮RIRIFA-少女与花之诗,TRUE
100127,小花仙收藏集-花契,TRUE
100129,懒懒兔收藏集,TRUE
100141,刀田壹·万物皆可拟人,TRUE
100145,一念逍遥收藏集,TRUE
100151,sha,TRUE
100153,Lirin兔耳娘收藏集,TRUE
100159,妹子太多只好飞升了收藏集,TRUE
100163,人间六月烟,TRUE
100170,发疯小黄豆,TRUE
100171,知薇入梦,TRUE
100173,小熊虫收藏集,TRUE
100176,九条月生收藏集——银河旅人,TRUE
100185,Nameless Saga收藏集,TRUE
100188,Minicatty收藏集·初遇,TRUE
100189,微星命收藏集,TRUE
100193,vv404 machines like me,TRUE
100197,艾尔莎_Channel收藏集,TRUE
100202,花丸晴琉收藏集,TRUE
100210,江崎宇宙限定敲好看收藏集,TRUE
100211,psplive山珍,TRUE
100229,VIVINOS·异形舞台收藏集,TRUE
100231,喜羊羊与灰太狼,TRUE
100233,QUIN和他的朋友们收藏集,TRUE
100238,青稞芋泥陶可爱收藏集,TRUE
100240,奈奈莉娅-万圣节收藏集,TRUE
100245,雪狐桑,TRUE
100246,KIKI輝気收藏集,TRUE
100260,黑猫猫OvO梦幻个人收藏集,TRUE
100274,银杏·星川铃·阿绿收藏集,TRUE
100276,,FALSE
100287,孙无力系列插画收藏集,TRUE
100297,露早GOGO收藏集,TRUE
100299,AISHA-法吉特 收藏集,TRUE
100301,辣糖甜心收藏集,TRUE
100309,兰音Reine收藏集,TRUE
100311,彩虹酱哇,TRUE
100316,四禧丸子收藏集,TRUE
100323,666K信譞收藏集,TRUE
100327,白粥nina收藏集·呢喃梦境,TRUE
100332,夏诺雅shanoa收藏集,TRUE
100335,赛尔计划收藏集,TRUE
100342,玩具总动员收藏集,TRUE
100344,psplive海味,TRUE
100352,Akie秋绘·璀璨星辰,TRUE
100357,喵小玉湿糊,TRUE
100360,崩坏星球收藏集,TRUE
100364,劉了了收藏集,TRUE
100368,铃音Suzune收藏集,TRUE
100376,保卫萝卜·阿波的大冒险,TRUE
100380,薄荷Miint周年收藏集,TRUE
100387,A-SOUL 绽放收藏集,TRUE
100388,熙往收藏集,TRUE
100392,咲花naru收藏集,TRUE
100394,小豆沢Azuki收藏集,TRUE
100400,Kieed收藏集,TRUE
100404,早稻叽月下舞会收藏集,TRUE
100406,是姬拉kira的收藏集,TRUE
100409,JENCY&PINK收藏集,TRUE
100413,第一序列收藏集,TRUE
100427,白金宝贝收藏集,TRUE
100432,阳光男孩小丑熊收藏集,TRUE
100434,艾鸽收藏集,TRUE
100450,嗷金宝收藏集,TRUE
100454,咏枂Yuer收藏集,TRUE
100459,画师D·的魔法迷境,TRUE
100470,萨克万的收藏集,TRUE
100487,纯白和弦收藏集,TRUE
100491,《辐射：避难所OL》收藏集,TRUE
100493,《天官赐福》漫画收藏集,TRUE
100497,鬼刀系列收藏集,TRUE
100502,第五灌灌收藏集,TRUE
100507,醒醒加班,TRUE
100513,碳鸽收藏集,TRUE
100518,T5_茨舞收藏集,TRUE
100521,疯狂动物城收藏集,TRUE
100531,杠杠收藏集,TRUE
100533,皮卡少个丘w收藏集,TRUE
100535,江明月收藏集,TRUE
100538,星河Sagi收藏集,TRUE
100553,小须须收藏集,TRUE
100557,鸢尾牙牙收藏集,TRUE
100564,织月黛黛收藏集,TRUE
100566,库莉姆奶油集,TRUE
100568,,FALSE
100570,鲸鱼娘西丝特收藏集,TRUE
100574,朝华缘拾收藏集,TRUE
100595,大橙橙橙子收藏集,TRUE
100600,RO姬偶像收藏集,TRUE
100601,兔子镇的温馨日常,TRUE
100602,咸鱼栗来啦收藏集,TRUE
100603,LOOPY·戏如人生系列,TRUE
100607,鸽一品天才集,TRUE
100612,抖个姬灵收藏集,TRUE
100614,酒菜禾子收藏集,TRUE
100619,绮罗夜宴时刻,TRUE
100633,夏露露Ruru收藏集,TRUE
100641,全力幻想少年,TRUE
100654,MORNCOLOUR——失落星辰,TRUE
100662,三丽鸥家族收藏集,TRUE
100664,阿猫个人收藏集,TRUE
100671,夢冬oTo·百变狐狐,TRUE
100680,火星西路7号,TRUE
100685,十元酱收藏集,TRUE
100688,阿球收藏集,TRUE
100693,嗨嗨多吃点收藏集,TRUE
100696,奇点时代收藏集,TRUE
100700,AIChannel中国绊爱收藏集,TRUE
100717,撸sir兰陵君收藏集,TRUE
100721,赛尔号收藏集,TRUE
100728,猫君君MaoJun收藏集,TRUE
100730,夕兔收藏集,TRUE
100736,米诺高分少女收藏集,TRUE
100740,斋藤直葵收藏集,TRUE
100744,CSGO大茄子收藏集,TRUE
100746,雪糍个人收藏集,TRUE
100757,可洛Cro收藏集,TRUE
100759,荧幕内外收藏集,TRUE
100767,呆妹小霸王收藏集,TRUE
100769,夜喵W收藏集,TRUE
100785,旋风博文【自制动画】收藏集,TRUE
100787,幻境之夜纱依收藏集,TRUE
100790,心斋桥OCUTO收藏集,TRUE
100791,钟晨瑶收藏集,TRUE
100795,画师具收藏集,TRUE
100814,凤小七·山海凤吟,TRUE
100816,次元异梦·咲间妮娜收藏集,TRUE
100819,奶茶鼠收藏集,TRUE
100830,树礼suki收藏集,TRUE
100838,特效小哥studio,TRUE
100846,公主茶话会-iStella收藏集,TRUE
100849,猫雷NyaRu收藏集,TRUE
100858,黎歌Neeko收藏集,TRUE
100864,小妹睡不醒收藏集,TRUE
100868,装扮小姐姐收藏集,TRUE
100873,谢安然收藏集,TRUE
100877,卡皮巴拉小黄豚,TRUE
100885,空之要塞：启航,TRUE
100891,绯色回响,TRUE
100893,多特蒙德-黄黑无间,TRUE
100899,心愿日历 收藏集,TRUE
100904,米哦收藏集-花朝月夕,TRUE
100910,米团团Miho收藏集,TRUE
100923,橙子miu收藏集,TRUE
100928,龙年新春·杜松子收藏集,TRUE
100931,与卿相伴·柯暮卿收藏集,TRUE
100936,Amuse收藏集,TRUE
100942,安晴Ankii生活集,TRUE
100944,唯佳酱·万物皆神明收藏集,TRUE
100946,穆小泠12生肖收藏集,TRUE
100961,绘之音收藏集,TRUE
100963,狛纳世界,TRUE
100965,爱丽丝梦游仙境收藏集,TRUE
100968,,FALSE
100973,,FALSE
100975,,FALSE
100995,,FALSE
101004,,FALSE
101012,《咸鱼哥》收藏集,TRUE
101014,卢塔斐雅Lutafia收藏集,TRUE
101019,压刹收藏集,TRUE
101037,树付离铁三角2024,TRUE
101041,元宇宙小黄豆,TRUE
101049,宵鱼鱼收藏集,TRUE
101051,鹿野灸犬系少年,TRUE
101053,,FALSE
101063,痒局长和奥利奥收藏集,TRUE
101069,玛萨咪Ovo收藏集,TRUE
101070,小小的小兔团儿收藏集,TRUE
101080,史迪仔收藏集,TRUE
101086,,FALSE
101092,绫濑双双收藏集,TRUE
101096,熊出没收藏集,TRUE
101105,大D特D第二弹,TRUE
101107,阿以莎Aishah收藏集,TRUE
101110,奥特曼收藏集,TRUE
101116,初音未来单人收藏集,TRUE
101118,汽车总动员收藏集,TRUE
101123,巫小萤收藏集,TRUE
101133,LALIGA龙年特典,TRUE
101142,泡芙酱DAZE收藏集,TRUE
101151,小初收藏集,TRUE
101161,热刺绣新春，藏龙卧虎,TRUE
101171,衣笠雪绘收藏集,TRUE
101184,庭树沐年收藏集,TRUE
101186,柊真华RPG世界收藏集,TRUE
101201,百妖谱动画收藏集,TRUE
101209,旅行日记,TRUE
101214,咒术回战收藏集,TRUE
101219,海绵宝宝,TRUE
101221,主播女孩重度依赖收藏集,TRUE
101223,萌娘百科收藏集,TRUE
101238,《摇曳露营2》收藏集,TRUE
101245,岚西啊喵收藏集,TRUE
101254,《四季的少女》收藏集,TRUE
101259,《捕星司》收藏集,TRUE
101261,呼噜呼噜星野怜,TRUE
101262,时光环球贺典·画师联名,TRUE
101270,MizunoAki收藏集-梦中情狗,TRUE
101285,酸酸甜甜收藏集,TRUE
101287,阿蕊娅收藏集,TRUE
101297,假面骑士收藏集,TRUE
101309,星间泉·水色鎏金,TRUE
101313,委蛇之宴收藏集,TRUE
101314,星宮汐＆明收藏集,TRUE
101315,薇拉Vera收藏集·恋爱囚徒,TRUE
101317,睡睡收藏集-与睡宝来约会,TRUE
101323,黑原缚Kurohara收藏集,TRUE
101332,《剑网3·侠肝义胆沈剑心》,TRUE
101334,孙笑川258收藏集,TRUE
101336,春池醉梦·花花Haya收藏集,TRUE
101349,陈玺颜,TRUE
101353,兔眠可可白情收藏集,TRUE
101361,微生人培养皿,TRUE
101367,雨乃收藏集,TRUE
101383,不二却也OC收藏集,TRUE
101388,寺田堤拉 TERADA TERA,TRUE
101390,心流酱紫·收藏集,TRUE
101395,Hiiro收藏集-春晖庆典,TRUE
101399,咩栗呜米收藏集,TRUE
101401,小妖晶hush收藏集,TRUE
101412,,FALSE
101425,完蛋！我被美女包围了！,TRUE
101426,樱酱梦境少女收藏集,TRUE
101428,,FALSE
101429,可爱小猪Asaki收藏集,TRUE
101431,《机动战士高达》收藏集,TRUE
101439,黑桐谷歌收藏集,TRUE
101456,萝莉一凡收藏集,TRUE
101462,《鹿死谁手》漫画收藏集,TRUE
101463,,FALSE
101465,FPX·六翮如云收藏集,TRUE
101468,与凤行收藏集,TRUE
101479,萝莉一凡个人收藏集,TRUE
101485,犬川面面Miami收藏集,TRUE
101492,,FALSE
101499,国宝化灵·镜花集,TRUE
101507,是幼情呀收藏集,TRUE
101529,蓝月曼城,TRUE
101530,武林外传纪念画系列,TRUE
101531,樱群收藏集,TRUE
101536,小刘鸭·博物馆,TRUE
101545,Sheya收藏集-月食梦,TRUE
101547,Luca Kaneshiro收藏集,TRUE
101552,晓丹个人收藏集,TRUE
101561,《魔发精灵3》收藏集,TRUE
101571,《三伏》收藏集,TRUE
101579,新世纪福音战士收藏集,TRUE
101588,犬夜叉收藏集,TRUE
101597,雨中Neo收藏集,TRUE
101599,酒酒井Anri收藏集,TRUE
101603,有棵里里·禁欲心跳,TRUE
101609,最萌的磊收藏集,TRUE
101624,奶油兔收藏集,TRUE
101626,排骨教主收藏集,TRUE
101634,2233·风华录,TRUE
101639,G2·IEM成都限定收藏集,TRUE
101651,丁丁框收藏集-《银河夜话》,TRUE
101653,鹰之魅影,TRUE
101673,FPX·凤卷硝云收藏集,TRUE
101677,蛙吹Keroro收藏集,TRUE
101687,Liyuu收藏集,TRUE
101689,崔高兴收藏集,TRUE
101691,血月红蝶·风吟蝶的收藏集,TRUE
101692,佐娜Sanya收藏集,TRUE
101694,千璃Chili收藏集,TRUE
101713,富大贵收藏集,TRUE
101718,名侦探柯南收藏集,TRUE
101720,朝仓鱼块收藏集,TRUE
101721,数码宝贝02：最初的召唤,TRUE
101724,FPX.ZQ·雀鸣深渊收藏集,TRUE
101725,纱音Syanon收藏集,TRUE
101727,粉扑扑收藏集,TRUE
101733,浅川玉乃收藏集,TRUE
101751,交错战线收藏集,TRUE
101759,桃核豆豆子收藏集,TRUE
101768,戏里戏外又逢卿·416收藏集,TRUE
101777,神慶JINKEI收藏集-KARAT,TRUE
101778,小只芋,TRUE
101783,玻璃Bori收藏集,TRUE
101789,,FALSE
101797,蒋七七收藏集,TRUE
101800,弥希Miki收藏集,TRUE
101811,,FALSE
101820,奈奈莉娅伶俐集,TRUE
101828,洛少爷收藏集,TRUE
101830,琳汐汐吖收藏集,TRUE
101836,i御十二收藏集,TRUE
101841,2024纪录片开放周收藏集,TRUE
101843,雪柔个人收藏集,TRUE
101845,莞儿睡不醒收藏集,TRUE
101856,为热爱干杯！,TRUE
101860,茶茶太困了Q收藏集,TRUE
101864,有希小酱收藏集,TRUE
101879,《虚无边境》收藏集,TRUE
101898,兔牙の收藏集,TRUE
101909,狛纳世界龙腾虎跃,TRUE
101913,汤圆四水收藏集,TRUE
101918,池年收藏集,TRUE
101926,折原露露收藏集,TRUE
101931,G2·2024成都MSI收藏集,TRUE
101935,藤原收藏集《极彩少女巡礼》,TRUE
101939,波喵个人收藏集,TRUE
101940,《蜡笔小新》,TRUE
101949,司稽-群青少女收藏集,TRUE
101980,小巫酱w收藏集,TRUE
101991,连翘同学收藏集,TRUE
101998,《超能敢死队》收藏集,TRUE
102014,春卷饭收藏集,TRUE
102026,余多多Dudu个人收藏集,TRUE
102034,露米＆露娜收藏集,TRUE
102040,《杀手疾风号》收藏集,TRUE
102045,然若星辰,TRUE
102046,Ahri小狐狸呀收藏集,TRUE
102052,粉黛乱子Capillaris收藏集,TRUE
102054,兰音的衣柜奇缘,TRUE
102059,疯狂动物城影漫系列,TRUE
102070,钟晨瑶,TRUE
102090,花末Luna·花时予你,TRUE
102092,山海与相逢,TRUE
102093,Electronic Girl,TRUE
102098,鲨猫的牛马日常,TRUE
102108,神妖惑众·梨安收藏集,TRUE
102114,《邂逅她的少女时代》收藏集,TRUE
102116,美食萨卡班,TRUE
102119,小鬼异录,TRUE
102121,米哦收藏集-12星座祝福,TRUE
102127,阿少西游传,TRUE
102132,米奇的奇遇冒险,TRUE
102133,笑微微来了收藏集,TRUE
102140,《庆余年》收藏集,TRUE
102142,《汉化日记》收藏集,TRUE
102161,2233·幻境序曲,TRUE
102171,《烟火》收藏集,TRUE
102175,大理寺日志收藏集,TRUE
102181,《破茧Ⅱ》收藏集,TRUE
102200,《我和我对家》漫画收藏集,TRUE
102201,柚恩不加糖收藏集,TRUE
102208,禾兮子收藏集,TRUE
102214,假面骑士555·20周年收藏集,TRUE
102220,瓦妮Vanee·笨鳄多端收藏集,TRUE
102229,星有野宇宙收藏集,TRUE
102235,有兽焉动画-可动塔罗系列,TRUE
102237,星空列车与白的旅行收藏集,TRUE
102241,史迪仔影漫系列收藏集,TRUE
102244,东爱璃Lovely收藏集,TRUE
102256,美味中华,TRUE
102257,洛德薇安收藏集,TRUE
102258,西四收藏集,TRUE
102263,鲸落落raku收藏集,TRUE
102276,酸柚粥sayo《小猫星》收藏集,TRUE
102279,清醒梦境,TRUE
102301,,FALSE
102308,,FALSE
102315,,FALSE
102319,hololive0期生收藏集,TRUE
102321,猫神十二宫,TRUE
102328,宣小纸不怕火-千面女郎,TRUE
102350,BML2024收藏集,TRUE
102352,“雨路同行”重返未来1999,TRUE
102366,Aimer digital collection,TRUE
102373,夏日拾光,TRUE
102381,椋笙栗Kuri·星河夏夜,TRUE
102387,小狗秘密文档,TRUE
102407,逻辑小猫收藏集,TRUE
102409,米尼麦尼轰收藏集,TRUE
102412,酒菜禾子收藏集第二弹,TRUE
102424,雪狐桑收藏集,TRUE
102430,黄Mier收藏集,TRUE
102438,星引擎party闪亮启航,TRUE
102450,卡萝尔Akuma收藏集,TRUE
102467,《怪兽8号》动画收藏集,TRUE
102469,沐霂是MUMU呀收藏集,TRUE
102488,王筱沫沫收藏集,TRUE
102492,元气少年,TRUE
102499,雪绘Yukie收藏集,TRUE
102513,星汐Seki收藏集,TRUE
102515,三角皇冠,TRUE
102526,时光LIVE·音乐企划,TRUE
102528,米虫尼奈收藏集,TRUE
102544,封茗囧菌收藏集,TRUE
102546,兔眠可可收藏集,TRUE
102548,,FALSE
102550,洛天依·收藏集,TRUE
102555,诺诺的收藏集,TRUE
102576,《好徒儿》漫画收藏集,TRUE
102580,雷索纳斯,TRUE
102589,,FALSE
102591,卦者灵风收藏集,TRUE
102593,幻想社夏日收藏集,TRUE
102598,呆呆鲨夏日限定,TRUE
102605,陆鳐LuLu收藏集,TRUE
102608,新无无心收藏集,TRUE
102610,昼歌里宇宙乐章,TRUE
102615,眠眠兔,TRUE
102616,胡桃Usa收藏集·一日一堕,TRUE
102645,哥伦比亚百年狸叶特辑,TRUE
102646,眠狼【满庭芳·翠影华章】,TRUE
102660,晴海猫步·不知原深收藏集,TRUE
102669,nono狗,TRUE
102683,哈鹿hallu收藏集,TRUE
102685,老骚豆腐收藏集,TRUE
102693,鬼针草雪糕魔法收藏集,TRUE
102704,名侦探柯南30周年,TRUE
102706,江夫人KWKmia魔女收藏集,TRUE
102707,宇宙无敌美少女雫lulu,TRUE
102720,李艺彤收藏集,TRUE
102721,衣娅收藏集,TRUE
102725,切茜娅CheIsea收藏集,TRUE
102733,一点荧惑收藏集,TRUE
102742,长相思收藏集,TRUE
102750,B.DUCK小黄鸭—乐队时刻,TRUE
102753,兔总裁收藏集,TRUE
102764,小金鱼kimyve个人收藏集,TRUE
102778,《我的三体》动画收藏集,TRUE
102794,饿殍：明末千里行,TRUE
102806,走路摇zly收藏集,TRUE
102815,Minicatty收藏集·迷梦幻境,TRUE
102817,NANASE收藏集-猛兽注意,TRUE
102825,《神渴望着游戏。》收藏集,TRUE
102850,小铃久绘收藏集·绘梦时分,TRUE
102857,MyGO!!!!!收藏集,TRUE
102870,祈Inory收藏集,TRUE
102871,Tocci椭奇收藏集,TRUE
102887,高达SEED DESTINY,TRUE
102890,完美世界动画收藏集,TRUE
102936,虫娘ver.盛夏收藏集,TRUE
102942,2024明日方舟音律联觉,TRUE
102954,纸上的魔法使,TRUE
102955,量子猫EH·神秘之旅,TRUE
102962,2024 BML&BW 2233收藏集,TRUE
102969,芽衣子OwO收藏集,TRUE
102971,殷秋染收藏集,TRUE
102989,星辰PROJECT收藏集,TRUE
102990,白雪眠的收藏集,TRUE
102999,俊达萌收藏集,TRUE
103002,恩缇收藏集,TRUE
103007,唐九夏-伴你一夏,TRUE
103017,羽天SHine收藏集,TRUE
103020,御司司收藏集,TRUE
103029,阿以莎收藏集·忏悔日记,TRUE
103031,東雪蓮音乐收藏集,TRUE
103034,雪域收藏集Ⅰ 第壹乐章,TRUE
103065,小花仙-幻彩绮梦系列,TRUE
103074,希丝奈cisne收藏集,TRUE
103077,魔女与神兵,TRUE
103079,花与梦,TRUE
103091,尘白禁区,TRUE
103101,小巫酱w个人收藏集,TRUE
103120,桃宫七七酱制服诱惑收藏集,TRUE
103121,秋蒂夏日无际收藏集,TRUE
103133,梅塔露丝：香甜祝颂,TRUE
103141,甜夕sweet·次元梦境,TRUE
103147,UP！共创剧场收藏集,TRUE
103155,夏川玥玥收藏集,TRUE
103165,月兔魔女,TRUE
103166,纸嫁衣,TRUE
103171,航海王：强者天下,TRUE
103177,瑞娅Rhea收藏集,TRUE
103183,小吃货的JAS收藏集,TRUE
103192,ParmyAU收藏集,TRUE
103198,奥特曼全明星系列收藏集,TRUE
103205,薇桃杠蔻伟情缘集,TRUE
103217,鱿米milai收藏集-人间鱿物,TRUE
103240,春桃奈奈原创_克拉拉,TRUE
103244,2233·少女日记,TRUE
103245,红小豆收藏集,TRUE
103263,一二与布布收藏集,TRUE
103279,《白蛇：浮生》收藏集,TRUE
103281,里奈Rina个人收藏集,TRUE
103310,小丸Official猫猫集,TRUE
103314,瀬兎一也&天曰小雏收藏集,TRUE
103317,虞莫MOMO收藏集,TRUE
103318,小柔-倾夏柔光,TRUE
103357,迪士尼大电影收藏集,TRUE
103362,鬼刀收藏集,TRUE
103363,希月萌奈收藏集,TRUE
103371,五月织姬收藏集·月梦激奏,TRUE
103382,加菲猫家族收藏集,TRUE
103387,阳阳不想熬夜收藏集,TRUE
103412,皮克斯大电影,TRUE
103456,朗萌绮盟,TRUE
103472,狐妖Mikan收藏集,TRUE
103480,,FALSE
103482,,FALSE
103488,罗塞菈Rosella收藏集,TRUE
103493,桃源玖玖收藏集,TRUE
103508,蜡笔小新收藏集-悠闲假期,TRUE
103515,菠萝赛东收藏集,TRUE
103524,EITA,TRUE
103530,狛纳世界·虎虎生威,TRUE
103531,绫濑光·与光同行收藏集,TRUE
103539,艾尔莎-楚楚可艾,TRUE
103549,随一Suiii收藏集,TRUE
103552,又一充电中收藏集,TRUE
103555,柰Nai收藏集,TRUE
103560,,FALSE
103567,《恶人想要抢救一下》收藏集,TRUE
103574,七饭收藏集,TRUE
103576,陽葉 恶魔与少女收藏集,TRUE
103586,主播女孩重度依赖Ⅱ,TRUE
103591,,FALSE
103602,卡缇娅也不知道鸭收藏集,TRUE
103614,神山羊收藏集,TRUE
103626,说说收藏集【四季予你】,TRUE
103653,夜王莉莉丝收藏集,TRUE
103656,凹凸世界燃聚今夏收藏集,TRUE
103658,BML岁月如歌收藏集,TRUE
103660,绒米romi收藏集,TRUE
103664,可妮Koni收藏集,TRUE
103677,拜仁慕尼黑——征途再启,TRUE
103687,转生史莱姆,TRUE
103689,赫卡特Hecate收藏集,TRUE
103695,ryota情热甜心收藏集,TRUE
103698,莱妮娅_Rynia收藏集,TRUE
103706,卜卜猫,TRUE
103714,DOTA2 TI13收藏集,TRUE
103720,科幻世界收藏集,TRUE
103721,烛宝天使恶魔双生子收藏集,TRUE
103723,团小哈收藏集,TRUE
103725,劉俊朗-炎炎爆击,TRUE
103740,Team Spirit TI13收藏集,TRUE
103753,悠米Yuumi·悠然拾忆,TRUE
103762,Mixsoul撕放本我·黑白界,TRUE
103770,月隐空夜收藏集,TRUE
103771,星瞳·扇宝收藏集,TRUE
103780,岁时集,TRUE
103785,爱迟到的张锦锦收藏集,TRUE
103787,郁小漓收藏集,TRUE
103796,《间谍过家家 代号：白》,TRUE
103798,fkey收藏集-小道士药指,TRUE
103800,泰蕾莎Channel夏日收藏集,TRUE
103801,织月黛黛·爱情病毒收藏集,TRUE
103838,杜松子收藏集,TRUE
103845,修修猫ww收藏集,TRUE
103857,繁花·幻娜Hana收藏集,TRUE
103866,鹿野灸少年异闻录,TRUE
103870,鲸鱼娘收藏集·水嬉之旅,TRUE
103872,新世纪福音战士新剧场版,TRUE
103874,幻星乐园,TRUE
103881,双生・Eve＆Will,TRUE
103883,月色回响,TRUE
103905,温斓Vanna收藏集,TRUE
103924,恬豆发芽了收藏集,TRUE
103934,夜晚的水母不会游泳收藏集,TRUE
103942,星萌之约收藏集,TRUE
103948,物华弥新收藏集,TRUE
103950,菲莉丝Phyllis收藏集,TRUE
103952,可洛收藏集·可甜可洛,TRUE
103964,树礼Suki收藏集·小狼游记,TRUE
103966,礼拜六Liu收藏集,TRUE
103972,小鱼干收藏集,TRUE
103984,中国绊爱收藏集第二弹,TRUE
103988,妖 狱,TRUE
104006,炎辰收藏集,TRUE
104015,盒中之海收藏集,TRUE
104027,mikko收藏集,TRUE
104036,从21世纪安全撤离,TRUE
104041,铠甲勇士收藏集,TRUE
104046,白夜星梦白崎银子,TRUE
104050,POP女孩mog,TRUE
104051,夜色恋歌·雾氧Uo收藏集,TRUE
104054,勾檀Mayumi收藏集,TRUE
104060,魔道祖师动画收藏集,TRUE
104067,诛仙动画收藏集,TRUE
104069,荒野机器人收藏集,TRUE
104078,霏霏收藏集,TRUE
104102,BLG·2024LPL出征收藏集,TRUE
104104,LNG·2024LPL出征收藏集,TRUE
104106,TES·2024LPL出征收藏集,TRUE
104108,WBG·2024LPL出征收藏集,TRUE
104123,大家一起酥酥狐狐～,TRUE
104125,团团猫,TRUE
104143,Q版穆小泠收藏集,TRUE
104146,青灰緑-Midori收藏集,TRUE
104153,鹿乃收藏集,TRUE
104172,呜宝收藏集,TRUE
104174,顾晓Khaos收藏集,TRUE
104179,丘米芽Mia收藏集,TRUE
104182,烛不遥-烛光绮梦,TRUE
104194,EB女团收藏集,TRUE
104196,小米童鞋噢OOo收藏集,TRUE
104214,人格解体,TRUE
104216,米团团收藏集,TRUE
104219,星灵歌者妮莉安Lily收藏集,TRUE
104232,心羽萝妮收藏集,TRUE
104244,,FALSE
104262,悠亚Yua收藏集,TRUE
104269,金明洙2024中国限定收藏集,TRUE
104276,池乐收藏集,TRUE
104278,Afaer两周年收藏集-U.M.A.,TRUE
104284,平行世界小驴鹅,TRUE
104287,ParadoxLive THEANIMATION,TRUE
104292,守护之战·木糖纯收藏集,TRUE
104293,帕莎Pasha收藏集,TRUE
104298,小仙若个人收藏集,TRUE
104300,酱拌瓜实验室,TRUE
104320,别当欧尼酱了！收藏集,TRUE
104328,Asaki收藏集,TRUE
104355,【星辰与秘闻】纱依收藏集,TRUE
104357,《神偷奶爸4》收藏集,TRUE
104375,幽幽家族 收藏集,TRUE
104383,原子Dan - 森乐园收藏集,TRUE
104391,恋语怪兽KOIMON收藏集,TRUE
104409,果宝official收藏集,TRUE
104415,Sheya收藏集-月夜梦行症,TRUE
104421,卡皮巴拉,TRUE
104427,《非人哉》收藏集,TRUE
104429,钉宫草莓收藏集,TRUE
104441,圣洁乐章·-菫時-收藏集,TRUE
104453,八木百货社长收藏集,TRUE
104459,玉之けだま_毛玉收藏集,TRUE
104467,牧神记收藏集,TRUE
104488,,FALSE
104492,天官赐福动画·四周年纪念,TRUE
104494,陶可爱收藏集,TRUE
104501,暗宝AB收藏集,TRUE
104508,小花仙-纯白礼赞系列,TRUE
104519,我滴个龟儿哟,TRUE
104521,月见梨梨娅收藏集,TRUE
104538,暖暖狐,TRUE
104542,灰音Haine,TRUE
104543,宝石少女 1st.cut收藏集,TRUE
104550,我叫MT收藏集,TRUE
104567,CHON*个人收藏集,TRUE
104569,名乃_NAN0·电子宠物,TRUE
104572,梦音的化妆镜,TRUE
104579,CS 上海Major收藏集,TRUE
104584,VITALITY MAJOR 收藏集,TRUE
104587,巧克甜恋收藏集,TRUE
104588,星霜荏苒,TRUE
104598,噗噗夏露露收藏集,TRUE
104601,病院坂saki收藏集,TRUE
104610,梦衫·因你而在的梦收藏集,TRUE
104621,支离破碎TN酱收藏集,TRUE
104635,小可学妹收藏集,TRUE
104662,浅川玉乃·暖玉流香收藏集,TRUE
104671,雪糕cheese收藏集,TRUE
104678,艾露露-金风玉露,TRUE
104691,绘星花语,TRUE
104695,邦邦的日常,TRUE
104714,美妙宠物光之美少女收藏集,TRUE
104732,黑泽诺亚NOIR个人收藏集,TRUE
104737,猫之城,TRUE
104739,卜梦寻往·塔克收藏集,TRUE
104741,万有引力·伊万收藏集,TRUE
104783,奈姬niki收藏集,TRUE
104785,萝尔露Real收藏集,TRUE
104795,MaggieYoo收藏集,TRUE
104812,Spirit 2024上海Major,TRUE
104825,巴萨125周年纪念,TRUE
104826,一条小糖糖,TRUE
104848,莉可丽丝收藏集,TRUE
104853,Egiiy_氮氮收藏集,TRUE
104859,徐珺大哥收藏集,TRUE
104867,菌子宝宝丶收藏集2.0,TRUE
104876,晶核,TRUE
104878,小清晨儿_收藏集,TRUE
104905,七禾收藏集【天作之禾】,TRUE
104907,柚柚吃泡泡吗,TRUE
104925,VirtuaReal温泉物语,TRUE
104929,XY大甘蔗·谢莹个人收藏集,TRUE
104946,你的圈圈儿,TRUE
104957,岱川Doris·星河万顷,TRUE
104960,萌力星球收藏集,TRUE
104962,语格Yoga收藏集,TRUE
104978,少女乐队的呐喊,TRUE
104987,赫拉Kris指挥官收藏集,TRUE
104992,Grandia元收藏集,TRUE
105006,村村宇宙·小猫女仆降临,TRUE
105008,《不小心救了江湖公敌》漫画,TRUE
105012,小狗蛇点点,TRUE
105052,米虫尼奈nine收藏集,TRUE
105054,,FALSE
105063,让好事发生,TRUE
105068,hololive ID收藏集,TRUE
105076,Nanatsukaze收藏集,TRUE
105078,几兔灰收藏集,TRUE
105080,蝶蝶Hikari收藏集,TRUE
105082,在下淘子,TRUE
105099,喜羊羊与灰太狼收藏集,TRUE
105101,国风大熊猫收藏集,TRUE
105107,干杯！2024最美的夜,TRUE
105115,抱走布丁收藏集,TRUE
105118,库莉姆Cream收藏集,TRUE
105123,VirtuaReal轻漾幻景,TRUE
105132,爪子drumdoll收藏集,TRUE
105151,晴云-醒时晴空,TRUE
105152,空海碧帆·阿久收藏集,TRUE
105154,低空梦游·眠特Mint收藏集,TRUE
105169,苏酥yuki收藏集,TRUE
105185,东方洛克兔铃仙收藏集,TRUE
105199,安可Anko个人收藏集,TRUE
105204,星野琳奈收藏集,TRUE
105215,名侦探柯南M27,TRUE
105217,,FALSE
105226,圣诞紗耶·轻纱曼舞收藏集,TRUE
105228,Neuro_sama收藏集,TRUE
105230,星野琳奈小恶魔收藏集,TRUE
105234,Riko收藏集,TRUE
105248,惑星VORTEX收藏集,TRUE
105253,假面骑士极狐系列收藏集,TRUE
105283,不稳定发电机收藏集,TRUE
105299,悠扬夏忆,TRUE
105300,小王子·收藏集-星际巡游,TRUE
105305,软萌兔·收藏集-梦幻奇缘,TRUE
105307,猫雷收藏集,TRUE
105310,旺仔的个人收藏集,TRUE
105326,小神奈殿下收藏集,TRUE
105338,自由魂儿收藏集,TRUE
105354,若不疯魔何言爱过收藏集,TRUE
105367,小暮mumu收藏集,TRUE
105371,玵木anmua收藏集,TRUE
105375,萌萌兔崽子,TRUE
105383,奶龙双旦收藏集,TRUE
105388,LOOPY可爱计划,TRUE
105400,妹妹一天只和我对上一次眼,TRUE
105407,紫罗兰永恒花园收藏集,TRUE
105409,VirtuaReal碧波澜影,TRUE
105413,范式起源,TRUE
105432,挚友的旅途·羽毛收藏集,TRUE
105435,东方收藏集·浮生若梦,TRUE
105436,机智大灯灯收藏集,TRUE
105444,yumekiii收藏集,TRUE
105461,Team Spirit 冠军收藏集,TRUE
105476,chiya收藏集-花园交响曲,TRUE
105488,咔比大王Kingu收藏集,TRUE
105495,《毒液：最后一舞》,TRUE
105499,Memento[Sol] 裏方收藏集,TRUE
105508,《沉香如屑》收藏集,TRUE
105510,玉京子Kyouko收藏集,TRUE
105512,2025拜年纪,TRUE
105518,与你独处·楽烯Roky收藏集,TRUE
105526,碎夜瑠璃LapisLazuli,TRUE
105541,折原露露·蔷薇之花于黑夜绽放,TRUE
105543,小只芋·电子萌猫,TRUE
105547,活色生香,TRUE
105549,艾姬薇宝收藏集,TRUE
105556,BLG信念不熄收藏集,TRUE
105571,轮回的誓约,TRUE
105575,局长的教育手册,TRUE
105577,笙歌OvO收藏集,TRUE
105579,紫贝儿·年味,TRUE
105581,布偶猫Mikoo,TRUE
105590,童话小黑猫,TRUE
105592,animate官方收藏集,TRUE
105593,,FALSE
105601,弈仙牌·收藏集,TRUE
105603,尾哥模玩收藏集,TRUE
105605,猫屋敷梨梨收藏集,TRUE
105606,蔚蓝档案2025收藏集,TRUE
105611,妄伪校园设定集,TRUE
105615,汤圆四水媚骨天成收藏集,TRUE
105646,长草颜团子收藏集,TRUE
105648,爱执欲意·冥冥收藏集,TRUE
105652,,FALSE
105661,小花仙时空彼岸纪念系列,TRUE
105669,维徊徊徊天使园收藏集,TRUE
105701,从0开始的VUP生活,TRUE
105722,LoveLive！收藏集,TRUE
105723,tmt个人收藏集【伽蓝人形】,TRUE
105746,,FALSE
105765,纵享丝滑大嘘官方收藏集,TRUE
105767,由乃爱莉收藏集,TRUE
105783,东方Project收藏集2025,TRUE
105787,拜仁慕尼黑——仁仁有牌面,TRUE
105791,雪糕许愿瓶收藏集,TRUE
105798,抽象十二生肖第二弹,TRUE
105813,凡人动画画师联名收藏集,TRUE
105826,萝眠相约迎新春,TRUE
105833,千恋万花官方收藏集,TRUE
105850,呆毛魔王蔓蔓收藏集,TRUE
105852,东方夜雀食堂收藏集,TRUE
105855,海月之纱·纱奈Sana收藏集,TRUE
105862,时光代理人英都篇收藏集,TRUE
105881,北北miya收藏集,TRUE
105897,铁甲小宝收藏集,TRUE
105899,养猫的人,TRUE
105903,行间收藏集,TRUE
105909,跃动青春,TRUE
105912,战舰少女R收藏集,TRUE
105921,,FALSE
105925,hololive春晓之约,TRUE
105938,猛男寨之异世界大冒险,TRUE
105939,新月同行,TRUE
105945,王者荣耀蛇限收藏集,TRUE
105953,物华弥新辞旧迎新收藏集,TRUE
105985,可爱联盟收藏集,TRUE
106000,菊花花收藏集,TRUE
106002,小糖发财收藏集,TRUE
106020,柃江收藏集,TRUE
106040,Midoriko绿子收藏集,TRUE
106043,2025拜年纪原创动画收藏集,TRUE
106053,核燃黑猫・成XX东方收藏集,TRUE
106097,花园Serena收藏集,TRUE
106098,芒芒_Mou收藏集,TRUE
106124,阿梓从小就很可爱收藏集,TRUE
106126,百变小熊米莉娅收藏集,TRUE
106131,果汁erR收藏集,TRUE
106133,海娅Haia收藏集,TRUE
106151,卿雪团子—卿丝梦忆,TRUE
106153,夢冬oTo·入夢,TRUE
106164,蝶太·神吟少年,TRUE
106178,颁勒一号机·画师收藏集,TRUE
106192,黑丝合缝收藏集,TRUE
106197,以爱生花 青鸟集,TRUE
106213,星瞳·灿如繁星收藏集,TRUE
106218,花烬-梦舞花翩,TRUE
106231,幼金,TRUE
106240,猫耳FM,TRUE
106246,烛灵儿Hikari收藏集,TRUE
106248,软软riu收藏集,TRUE
106258,miriちゃん,TRUE
106266,初音未来征稿集,TRUE
106293,Afaer吕和今Asota2025,TRUE
106306,NOYU个人收藏集,TRUE
106310,香老师,TRUE
106321,高达铁血的奥尔芬斯,TRUE
106354,李礼礼可欣,TRUE
106363,独夫之心,TRUE
106380,Chinozo官方,TRUE
106385,十二朝代·米虫尼奈收藏集,TRUE
106387,Yommyko-自由自在,TRUE
106392,殷洛洛ovo,TRUE
106411,BanG Dream!纪念集,TRUE
106414,星星掉兜里了,TRUE
106420,墨玉-M,TRUE
106428,依枕云屏·菜鼠绘梦,TRUE
106433,2025拜年纪·南北组,TRUE
106462,同级生的OO年后,TRUE
106470,碳酸熊卡,TRUE
106477,时代少年团生日收藏集,TRUE
106488,Niya阿布·禁忌美梦,TRUE
106505,兔兔超人,TRUE
106509,花与心事,TRUE
106527,sekyota落星晓,TRUE
106529,坂坂白,TRUE
106572,BLS-Afaer展麟·渊潮之梦,TRUE
106574,月歌。,TRUE
106577,尤菲黎娅的人间之旅,TRUE
106579,白诗南_ivy·飨欲盛宴,TRUE
106588,米塔,TRUE
106596,纯挚绘梦集,TRUE
106598,AC米兰·红黑次元,TRUE
106604,银绿·双向陷阱,TRUE
106617,奥特曼暗黑系列,TRUE
106630,五更百鬼,TRUE
106644,水光潋滟,TRUE
106649,Sawako碎花子·薄荷甜昼,TRUE
106663,StarHoney,TRUE
106691,豆梓Dora梓属于你,TRUE
106693,菜咪工社白色情画,TRUE
106702,神烦鸟,TRUE
106704,小狗日记,TRUE
106726,黎歌Neeko,TRUE
106729,夏筱米,TRUE
106735,Afaer-伊梦Eligo2025,TRUE
106736,第二颗纽扣给樱酱QvQ,TRUE
106743,樱群·百变乐章,TRUE
106777,ONESIDE,TRUE
106780,冬日旧铃曲,TRUE
106812,名侦探柯南扑克牌系列,TRUE
106814,羽落金昼,TRUE
106815,紫氯氯,TRUE
106827,深空之眼三周年,TRUE
106837,卡娜赫拉的小动物,TRUE
106854,小花罗梦拾光童话,TRUE
106860,羊小雪,TRUE
106878,赛尔号圣甲再临系列,TRUE
106889,桔桔塔罗牌,TRUE
106891,亭子ww羁绊永续,TRUE
106897,魔卡少女樱,TRUE
106907,狸看起来很好吃,TRUE
106912,菇菇醒,TRUE
106915,阿以莎·触及真心,TRUE
106917,rurudo箱庭少女之梦,TRUE
106925,超级战队,TRUE
106928,2025嘉然的画册,TRUE
106929,MOI洛朗·班角色二创,TRUE
106933,叶绯页收藏集,TRUE
106940,蜜雪冰城-雪王,TRUE
106945,岁己SUI·飞鸟羽集,TRUE
106950,凸变英雄X,TRUE
106962,巧可Chocolat,TRUE
106977,乐正绫单人集,TRUE
106985,亚托莉-我挚爱的时光-,TRUE
106987,gyuing-秋叶原狂热,TRUE
107000,亦初Rain,TRUE
107008,薄樱鬼,TRUE
107011,伊吹小秋·遁入幻想,TRUE
107018,寺田堤拉2025,TRUE
107040,Lovelive! Sunshine!!,TRUE
107052,魔狼咪莉娅,TRUE
107053,水葬銀貨のイストリア,TRUE
107063,凉哈皮,TRUE
107065,Free！,TRUE
107077,WOLVES BAND,TRUE
107081,Ave Mujica,TRUE
107099,幻塔,TRUE
107101,華Doll*,TRUE
107103,嚼着软糖想昵称,TRUE
107134,祭祭本桥,TRUE
107137,小紫才没有摸鱼,TRUE
107174,五维介质-启程之音,TRUE
107179,小咪吃肉恋爱游戏女主角,TRUE
107185,卡米莉娅的影集,TRUE
107186,稚年SaRo,TRUE
107192,鹿弈-少年饲养指南,TRUE
107197,衣娅·四季流转集,TRUE
107215,是团宝吖,TRUE
107229,Akie秋绘·以I之名,TRUE
107232,FOREVER,TRUE
107240,天使騒々RE-BOOT!,TRUE
107258,Pastel Box,TRUE
107271,BanG Dream! Pastel＊Palettes,TRUE
107287,鲑鱼子,TRUE
107289,龙的日记,TRUE
107294,Riko呆呆,TRUE
107336,闪耀日记,TRUE
107359,vamoko,TRUE
107368,妹妹养成手册,TRUE
107377,心理鸭,TRUE
107381,少女前线-相伴格里芬,TRUE
107383,豆姆蛙,TRUE
107387,桃星Tocci·诞生的初愿,TRUE
107399,伊莎蓓尔精灵物语,TRUE
107401,Solamente,TRUE
107405,别当欧尼酱了！第二弹,TRUE
107420,北久Kyuu的绮梦,TRUE
107423,大白菜露华菘语,TRUE
107425,北田龙马·病娇同居日记,TRUE
107428,夕时神约,TRUE
107429,李滇滇个人收藏集,TRUE
107432,刘十四w,TRUE
107434,白桃味蛋挞,TRUE
107445,云朵捕获计划,TRUE
107464,奶油-cream-·奶油小狗汪,TRUE
107473,i御十二·恋语花誓,TRUE
107526,狸酱lino,TRUE
107532,甜宝小猪,TRUE
107540,传奇仙女龙dd,TRUE
107550,早椰恋恋,TRUE
107556,鹿火CAVY,TRUE
107590,红小豆,TRUE
107600,Liyuu·追光Li遇记,TRUE
107612,正经狼咖,TRUE
107614,宅男的人间冒险,TRUE
107633,VITALITY冠军庆典,TRUE
107635,sunrise,TRUE
107679,少年与你·迷路的牙刷,TRUE
107684,丝塔莉·繁星缀梦,TRUE
107691,付暔暔·百变暔暔,TRUE
107693,灵笼,TRUE
107702,花崎Makura,TRUE
107704,青青福利集,TRUE
107720,池咲的美少年,TRUE
107722,2233·元素协奏,TRUE
107752,霸王龙雷奇,TRUE
107754,真红莉爱,TRUE
107767,这刺来港 打吡加油,TRUE
107775,Venus Vacation PRISM,TRUE
107781,心宜和思诺的交响乐谱,TRUE
107792,逗逗游戏伙伴·延迟心跳,TRUE
107797,桃几OvO·家有萌猫,TRUE
107802,梅兰芳元宇宙×装扮小姐姐,TRUE
107820,魔法天使·小陌降临,TRUE
107824,栞栞Shiori·夏日海獭,TRUE
107827,明前奶绿·童话梦境,TRUE
107836,最喜欢派蒙了生肖十二,TRUE
107858,穆小泠·暗夜星辰,TRUE
107875,星际宝贝史迪奇,TRUE
107886,星乃小狐,TRUE
107888,哔哔啵啵璇,TRUE
107904,大小姐是死宅,TRUE
107925,欲梦之恋,TRUE
107935,小程吖收藏集·橙心礼诞,TRUE
107937,家有阿宅女忍者-小龍画集,TRUE
107939,鲲吞天下之掌门归来,TRUE
107950,BML2025,TRUE
107957,梦影溯心,TRUE
107959,文宝Eleven·星轨交映,TRUE
107966,竹缘雪,TRUE
107971,青川入梦,TRUE
107972,BanG Dream! Afterglow,TRUE
107993,宫濑真寻东方集,TRUE
108001,芋圆有点甜·纯芋物语,TRUE
108029,话梅糖-玻璃纸季节,TRUE
108048,早凉·双镜溯游,TRUE
108054,萤喵w_奇喵冒险,TRUE
108086,2025明日方舟集成映射,TRUE
108095,40原·黄豆粉,TRUE
108109,FF14金曦之遗辉,TRUE
108136,果糖含量·多元宇宙,TRUE
108138,奈奈莉娅·圣娅喵喵教,TRUE
108143,五更妖音,TRUE
108153,BW2025,TRUE
108159,skrillex离,TRUE
108165,爱丽丝十七号.百变奇遇,TRUE
108167,师妹心语·小师妹下山咯,TRUE
108190,魔女秘境,TRUE
108206,妄想小兔,TRUE
108208,星光咖啡馆与死神之蝶,TRUE
108213,BanG Dream! RAISE A SUILEN,TRUE
108221,西门小昭·昭遇实录,TRUE
108238,芙哇芙哇女仆咖啡厅,TRUE
108261,幻笺集 一颗小兔娘,TRUE
108275,ANNYX·ROUND N,TRUE
108299,精灵旅社x暹罗猫小豆泥,TRUE
108301,U子宇宙·2u2bu,TRUE
108306,角落小伙伴,TRUE
108312,夜车Azuya,TRUE
108314,优米雅的炼金工房,TRUE
108316,於今昔,TRUE
108329,水豚噜噜,TRUE
108344,在RPG里寻求七海是否下略,TRUE
108357,九鸟Dolores_,TRUE
108373,机动战士高达UC,TRUE
108381,最白的幽一,TRUE
108395,Yuimisu・地雷系女子收藏集,TRUE
108399,兜兜和毛毛,TRUE
108401,胡桃Usa·堕令时,TRUE
108409,偶像大师闪耀色彩,TRUE
108430,思小柒UMI收藏集,TRUE
108435,瑜瑜驯养手册,TRUE
108446,莎布Shub欲望时刻,TRUE
108477,洛天依·珍藏集,TRUE
108483,居居boom,TRUE
108491,小阿·盛放于星光下,TRUE
108499,麻辣烤兔子,TRUE
108508,2233·宅舞嘉年华2025,TRUE
108513,海天盛筵·夏日集,TRUE
108535,粒子小兔,TRUE
108540,一杆青空2025,TRUE
108542,大耳朵图图-欢乐时光,TRUE
108544,SHUGO CHARA! 守护甜心,TRUE
108547,ReNus,TRUE
108579,尘白禁区收藏集,TRUE
108593,糯米SnuomiQ,TRUE
108604,爱上火车收藏集-8620,TRUE
108619,陆鳐LuLu·心电同频,TRUE
108631,时光代理人M.O.D音乐专辑,TRUE
108632,动物餐厅,TRUE
108634,足太姬-BML2025,TRUE
108642,猛男舞团IconX-BML2025,TRUE
108649,yama-BML2025,TRUE
108665,SNK-女神大乱斗,TRUE
108683,果宝Official-夏日缤果,TRUE
108690,茅原实里-BML2025,TRUE
108694,Machico-BML2025,TRUE
108706,大石昌良-BML2025,TRUE
108713,東雪蓮,TRUE
108731,裂变天地S1天禄冠军收藏集,TRUE
108735,哪吒之魔童闹海,TRUE
108739,夫人她风韵犹存,TRUE
108740,喵喵球球丶,TRUE
108744,宫野真守-BML2025,TRUE
108750,赛尔号巅峰之战系列,TRUE
108760,永雏塔菲叮咚集,TRUE
108761,四茶·异世界冒险,TRUE
108764,灵笼破局·棋局之上,TRUE
108783,爱若刹时,TRUE
108790,40岁以前想达成的10件事,TRUE
108802,夏梦希语-希丝奈收藏集,TRUE
108811,夏纪July·仅此一日,TRUE
108813,禾兮子幻夏集,TRUE
108825,花見团子喵,TRUE
108829,Gr收藏集·追光寻梦,TRUE
108830,ya酱夏日集,TRUE
108832,花夏甜液,TRUE
108836,钉宫妮妮·妮喃梦呓,TRUE
108837,渡恩·浮光暗渡,TRUE
108886,橙月儿大橙子,TRUE
108913,完蛋！我被美女包围了！2,TRUE
108935,排球少年!!,TRUE
108943,CHIIKAWA来了,TRUE
108952,梦琳,TRUE
108954,笠子喵owo,TRUE
108983,夏诺雅喵语手札,TRUE
108995,普罗糖·末后世界,TRUE
109001,池年悠米·双生回响,TRUE
109007,一人之下,TRUE
109025,宗泽学长の时光机,TRUE
109038,羽波奈奈,TRUE
109044,huhu小兔收藏集,TRUE
109050,宇清收藏集·契诃夫之枪,TRUE
109052,猫什么也没干,TRUE
109070,罐中雪绘~生态观察记录~,TRUE
109076,深水怠·藏书室的冒险,TRUE
109120,暂寄浮生中,TRUE
109145,猫羽Nekoha,TRUE
109147,咲良YUKI画集,TRUE
109167,星月璃り,TRUE
109177,,FALSE
109181,新的历史 与塔一起收藏,TRUE
109202,Mika×迪士尼联名插画,TRUE
109207,炽焰天穹一周年纪念收藏集,TRUE
109211,DOAXVV,TRUE
109213,满庭芳,TRUE
109215,DOTA2 TI2025收藏集,TRUE
109221,观鸟图鉴,TRUE
109222,,FALSE
109239,肥宅勇者,TRUE
109252,9-nine-官方收藏集,TRUE
109277,步玎Pudding·玎香信笺,TRUE
109288,夏米范-独家饭拍,TRUE
109305,阿萨Aza·棱中溢彩,TRUE
109317,夏日重现,TRUE
109318,2025贝拉的冒险,TRUE
109320,初音未来·生日集,TRUE
109323,演剧星世界,TRUE
109327,゚喵奈,TRUE
109338,弥绘貘貘,TRUE
109340,星间泉·金砂圣域,TRUE
109345,折棒收藏集·看折棒学折棒,TRUE
109348,Mia米娅,TRUE
109374,名侦探柯南·独眼的残像,TRUE
109390,菠之萝雪糕集,TRUE
109401,百变少女萱宝,TRUE
109402,九九宝贝ovo·仲夏梦之约,TRUE
109414,少女与空色的物语,TRUE
109420,海沙风云-贝让往事,TRUE
109421,孤独摇滚!剧场总集篇,TRUE
109439,OISHIIの味,TRUE
109443,长生,TRUE
109478,诡秘之主,TRUE
109486,泡芙nekoha,TRUE
109488,Afaer-林亚Raenia2025,TRUE
109490,kaka新星·猫绒陷阱,TRUE
109496,音炽-Lynx,TRUE
109531,这狗·萌萌登场,TRUE
109533,小望的梦色瑰迹,TRUE
109537,遇见你的猫,TRUE
109540,慕儿Ya,TRUE
109542,Rabi-Ribi收藏集,TRUE
109564,桥桥Erio.予你温柔,TRUE
109566,秽翼的尤斯蒂娅,TRUE
109568,BanG Dream! It’s MyGO!!!!!,TRUE
109572,小花仙浓情可可系列收藏集,TRUE
109585,四禧丸子·溯梦幻境,TRUE
109591,薇可娜Vicuna,TRUE
109593,久苍穹东方Project收藏集,TRUE
109610,恶魔角,TRUE
109618,浪浪山小妖怪,TRUE
109632,聊斋·兰若寺,TRUE
109661,爱恋偏张,TRUE
109664,绊爱,TRUE
109666,苏丹的游戏,TRUE
109668,枕刀歌,TRUE
109694,莱莎的炼金工房3,TRUE
109700,机动战士高达00,TRUE
109702,星粥·浮梦集,TRUE
109711,咖纳o,TRUE
109721,雾雨威,TRUE
109727,白雪葵·白雪誓约,TRUE
109734,绫濑光Official·四季如光,TRUE
109744,拜仁慕尼黑  欢畅仁生,TRUE
109754,莱福黑石兼职日记,TRUE
109759,alt·SPECTRUM7限定,TRUE
109767,蜜汁工坊-哈基蜜集,TRUE
109768,尤旎蒂_Yunity·旖旎寐梦,TRUE
109814,胜利女神夏日派对,TRUE
109819,Icomochi 少女的午后茶会,TRUE
109825,希月萌奈·朗晞沐风,TRUE
109845,少女乐队的呐喊第二弹,TRUE
109857,初音未来：缤纷舞台,TRUE
109877,吃肉包的怂鼠·坏坏小少年,TRUE
109878,MuseDash喵斯快跑收藏集,TRUE
109880,奇思妙想喜羊羊,TRUE
109896,罗塞菈Rosella·菈菈land,TRUE
109900,艾什Ash Halibel,TRUE
109907,莱妮娅_Rynia·裁决之谕,TRUE
109922,猪斯拉的西游日记,TRUE
109930,灯果,TRUE
109955,Hololive,TRUE
109963,鬼叔黍,FALSE
109970,蔚蓝档案2025中秋收藏集,TRUE
109998,魔女的夜宴收藏集,TRUE
110002,轴伊Joi·轴与芯之序,TRUE
110009,春山响hibiki,TRUE
110027,五彩斑斓的世界,TRUE
110036,鬼叔黍一代,TRUE
110039,iG·2025LPL出征收藏集,TRUE
110055,朋克小鼠收藏集,TRUE
110059,火山的女儿,TRUE
110063,起司獭·绯夜协奏,TRUE
110066,BLG·2025LPL出征收藏集,TRUE
110068,AL·2025LPL出征收藏集,TRUE
110070,TES·2025LPL出征收藏集,TRUE
110081,Candy Carousel,TRUE
110083,灵笼-玛娜之下,TRUE
110084,黄星星闪闪,TRUE
110110,小城日常,TRUE
110125,小小酥jewel-同学录,TRUE
110154,文兮h,TRUE
110155,月隐空夜·月色赞美诗,TRUE
110157,鹿乃十周年收藏集,TRUE
110159,蝶太团小哈·少年梦境巡游,TRUE
110164,小满的流浪日记,TRUE
110172,总之就是非常可爱2收藏集,TRUE
110198,薇拉Vera收藏集,TRUE
110202,座山雕_NQ,TRUE
110232,VITALITY 2025独家系列,TRUE
110235,叶与祈收藏集,TRUE
110237,易遥Hayes,TRUE
110238,璃舞Rimai,TRUE
110242,幼蓝蓝,TRUE
110277,鲸鱼娘西丝特,TRUE
110282,凉宫春日系列,TRUE
110323,G2·2025IEM收藏集,TRUE
110330,TeamSpirit中国行收藏2025,TRUE
110340,妮娅Nira·娅光昼梦,TRUE
110351,浮鸾Flora·凤枕鸾帷,TRUE
110355,毛球小兜收藏集,TRUE
110367,名侦探柯南30周年礼物系列,TRUE
110379,租借女友,TRUE
110384,溪璐Shiro·溪望之璐,TRUE
110387,洛澜Aurelia·想标题好澜,TRUE
110397,Afaer三周年收藏集,TRUE
110412,2025乃琳的酒馆,TRUE
110430,奶油熊收藏集,TRUE
110449,《碧蓝航线》收藏集,TRUE
110451,小以南超超超Q,TRUE
110463,塔克Tako·生之喜,TRUE
110465,性转魔王大人无法战胜勇者,TRUE
110467,胆大党收藏集,TRUE
110474,坂本日常,TRUE
110482,姬夜收藏集 宵华·夜夜录,TRUE
110487,犬夜叉·风之约定,TRUE
110506,伊藤らぼ艺术集,TRUE
110507,わか,TRUE
110509,萌芽熊,TRUE
110524,梨安不迷路·梨频失控,TRUE
110542,BanG Dream!Roselia,TRUE
110549,,FALSE
110551,假面骑士空我收藏集,TRUE
110554,库宝official,TRUE
110566,天津罪,TRUE
110590,道诡异仙,TRUE
110595,,FALSE
110597,Phigros,TRUE
110602,,FALSE
110604,重生之道收藏集,TRUE
110611,轻松小熊,TRUE
110614,抹恰qiia·恰米集,TRUE
110616,彼岸之诗,TRUE
110618,疯狂动物城2收藏集,TRUE
110630,回音·折原露露相册,FALSE
110632,回音·烛灵儿相册,FALSE
110634,回音·岁岁相册,FALSE
110636,回音·兮兮相册,FALSE
110638,回音·冥冥相册,FALSE
110640,回音·万拓普相册,FALSE
110645,小岛假日,TRUE
110653,快把我哥带走收藏集,TRUE
110655,红蓝新章·巴萨数字收藏集,TRUE
110660,胜利女神金秋庆典,TRUE
110665,布达佩斯Major天禄收藏集,TRUE
110667,米汀Nagisa·赋格叙事曲,TRUE
110678,漫旅纪行,TRUE
110683,我独自升级,TRUE
110711,余多多Dudu收藏集,TRUE
110717,梦欲领域,TRUE
110719,圣职者与鸡尾酒,TRUE
110739,鸠四五945_,TRUE
110757,小白兔奶糖ovo,TRUE
110768,小早雪,TRUE
110773,奇米蛋,TRUE
110790,银河特急收藏集,TRUE
110792,财缘天定X尸菌菌收藏集,TRUE
110794,星夜诞礼,TRUE
110800,礼拜六Liu·甜心幽影,TRUE
110816,笼外之风,TRUE
110819,喵呜兔叽·颁勒收藏集,TRUE
110829,旧书店街的桥姬,TRUE
110842,AKB48TeamSH收藏集,TRUE
110862,开心锤锤校园奇谈收藏集,TRUE
110873,至爱不渝·冥冥,TRUE
110875,小花仙闪光乐队系列收藏集,TRUE
110881,躲在天台的猫猫·绮梦喵想,TRUE
110903,小古kiddo收藏集,TRUE
110925,名侦探柯南收藏集侦探系列,TRUE
110927,少女画布与潮汐旋律,TRUE
110956,塞拉菲娜,TRUE
110977,幻塔纪念收藏集,TRUE
110979,紫沐沐·万色猎,TRUE
111000,东方Project收藏集2026,TRUE
111003,摇滚乃是淑女的爱好,TRUE
111015,池奈伶rei,TRUE
111017,鹿乃子乃子乃子虎视眈眈,TRUE
111050,安晴Ankii·鹅崽日记,TRUE
111066,机动战士高达  水星的魔女,TRUE
111072,baka爱收藏集,TRUE
111087,星午・四时星季,TRUE
111089,RIDDLE JOKER,TRUE
111092,中国绊爱·AI的季节,TRUE
111106,初音未来live集,TRUE
111138,马来貘YimoTapir,TRUE
111141,兔与梦之城少女,TRUE
111158,佳茗收藏集,TRUE
111160,鸣潮·共鸣与群星,TRUE
111186,夏川玥玥,TRUE
111193,用俄语小声说真心话的艾莉,TRUE
111200,不/存在的你，和我,TRUE
111204,遥山药药,TRUE
111211,雪与纪念日-库莉姆收藏集,TRUE
111214,独一无二·小苍集,TRUE
111216,四时少女,TRUE
111236,和妹妹一起的时光,TRUE
111241,西园寺Sakura收藏集,TRUE
111268,鱼子酱不能睡懒觉收藏集,TRUE
111278,2025UP100收藏集,TRUE
111284,逃离鸭科夫,TRUE
111286,-情绾-收藏集,TRUE
111301,貔小貅Xiu,TRUE
111324,五等分的新娘∬,TRUE
111329,美男恶徒官方收藏集,TRUE
111335,LVG专属收藏集,TRUE
111348,Love Live! 虹咲学园,TRUE
111353,SKYE魏收藏集,TRUE
111360,心象之庭·纱依,TRUE
111368,弥洛提丝,TRUE
111370,沐霂是MUMU呀·沐色圣歌,TRUE
111377,,FALSE
111393,"BanG Dream!Hello,Happy World!",TRUE
111400,衣娅·心动之约收藏集,TRUE
111402,画师KeG的收藏集,TRUE
111408,甘木花·爱和甜食和美少女,TRUE
111415,青羽集-五仁Azuria-收藏集,TRUE
111417,与枝老师·枝梦行云,TRUE
111419,偶像大师闪耀色彩新春收藏集,TRUE
111422,丁丁框·浮生一戏收藏集,TRUE
111437,宝钟玛琳和可波·卡娜埃露,TRUE
111439,少年狂想曲·最萌的磊,TRUE
111441,MKiiiiii&Windforcelan画师集,TRUE
111446,干杯！2026大年初一联欢会,TRUE
111465,BLG2026为信念干杯收藏集,TRUE
111467,梦限大收藏集,TRUE
111471,真白花音甜菜物语,TRUE
111477,Rance系列1-3,TRUE
111487,我的爸爸是条龙-龙马欢腾,TRUE
111510,你的名字。,TRUE
111512,你和她和她的恋爱收藏集,TRUE
111529,花火Fafo·花澜聚册,TRUE
111530,「刃牙」35周年官方收藏集,TRUE
111531,胜利女神冬日宴会,TRUE
111542,怪诞世界卡洛琳,TRUE
111544,大会员专属身份收藏集,TRUE
111546,魔法少女的魔女审判,TRUE
111552,局长的教育手册第二弹,TRUE
111554,苏米米·纸短情长,TRUE
111556,搞笑漫画日和GO,TRUE
111561,一人之下-顶天立地系列,FALSE
111563,中国奇谭2,TRUE
111565,天使降临到我身边,TRUE
111568,福宝,TRUE
111581,小朵宝藏日记,TRUE
111584,陶可爱2026,TRUE
111586,-小鱼饼owo-,TRUE
111614,一人之下之顶天立地,TRUE
111622,池乐·池泽绮梦,TRUE
111624,佐仓织子收藏集,TRUE
111629,《公主连结Re:Dive》：睡衣派对,TRUE
111652,2026拜年纪,TRUE
111661,命运圣契,TRUE
111669,王宝煲收藏集,TRUE
111670,雪糕cheese·星罗棋布,TRUE
111672,哆啦A梦多彩收藏集,TRUE
111689,苍之彼方的四重奏,TRUE
111692,天官赐福动画·夕映星月,TRUE
111697,小林家的龙女仆电影,TRUE
111707,拾春雫礼 • 暖意相逢,TRUE
111712,卡拉彼丘,TRUE
111721,不二丸叽の收藏集,TRUE
111723,九号秘闻,TRUE
111726,绮想花语,TRUE
111775,陈玺颜一誓永恒,TRUE
111788,彩虹酱哇·漂泊之旅,TRUE
111826,小铃久绘,TRUE
111828,猫忍之心1&2,TRUE
111830,雪狐桑·冰融之旅,TRUE
111839,蔚蓝档案 山海同辉,TRUE
111880,泡芙nekoha·雪糕泡芙,TRUE
111882,烛不遥,TRUE
111939,菜菜子Nanako·八方来菜,TRUE
111946,夏目友人帐,TRUE
111953,呼唤少女首映纪念集,TRUE
111972,仁心所向 一马当先,TRUE
111980,《空之轨迹 the 1st》收藏集,TRUE
111999,近月少女的礼仪,TRUE
112008,爱美收藏集,TRUE
112012,炬ﾖﾂｷﾞ艺术集·幻境少女,TRUE
112015,魔都少女-歌希拉,TRUE
112062,紗耶_sayako·纱海寻心,TRUE
112073,鸭乃桥论的禁忌推理,TRUE
112087,handspupu,TRUE
112091,水漫声,TRUE
112126,抱走布丁2.0,TRUE
112141,,FALSE